x1,x2,x3,x4,x5,y
0.8365607907473027,-2.8499354686639986,-1.3498240897852845,-1.6607355711070635,1.418827284984074,9.493324441426374
-2.478367004223503,-0.46846908188837766,-2.8212166833715777,-1.6881721511783798,0.03213172862017455,-3.943653196435118
-2.8407841818968183,-1.806974095880109,0.8993066266771392,0.26964888361930006,-1.6773562677558198,-4.8630598185525935
-2.961007441931634,1.8349155109968471,1.1888363699293611,-0.9584969008920488,-2.0671230011293105,-6.754192747907188
2.743278433240687,-0.9804327293242396,-2.4435249397191123,-2.419701738999216,2.084966198084759,12.740589945781968
1.3783907201629075,0.21736854872820466,2.838694583876224,-0.7287937367498794,0.3122437876393622,8.019575063674248
1.9764279855179687,0.7111185141854763,2.170241401864663,0.46411287154057224,1.2274310172895406,7.354217718837981
-1.263672218387357,-2.521248138458235,-1.603254681833819,-2.3939914235416255,-1.3321583813394473,4.307732552589655
0.8141066655864009,-0.8110069261794948,-0.7789141972987039,-1.7429578153710739,-1.3981330677053199,7.3382852525838596
0.6547860340019289,-1.973168110811418,1.3747607877020949,-2.0195850374284294,-0.7232673494541135,10.002052840253395
2.937140103819571,0.8399985591245569,0.3416984626478774,1.1076855059392479,2.0571115211388573,6.980049547857241
-2.807398536575773,-1.1072817116455085,-1.3935547441457836,-1.7341029384820412,2.6574582860103266,-0.863510191584403
2.258205758836013,-1.1119327152091325,0.9326319917692802,-0.6262085936360142,2.4872855384432615,11.342785054242206
-1.5202349538360993,0.36820880497890496,-1.4235503488623884,0.5075159413412429,2.3869373016148616,-3.6025543496179457
-0.6035969691576164,-1.6840754450563,2.985225638970661,0.057157762058786865,-2.4545435269572367,3.2889854219614407
0.7646762502185402,1.752476186177785,-0.46704019920189577,-2.618833763088257,-0.7102842809607797,5.887913957291674
2.9767282814405807,0.17468607059482189,2.826470265681709,2.1646782134069884,-2.931113868343082,5.060065318569992
0.22182198245277096,-1.3990488602847433,0.8457707914788486,-2.3306869584247414,-0.3914084959853703,8.131896423163477
-0.2776577620247611,2.722895565126481,2.2551176422691643,-1.4196656954934554,0.0035166783017901437,2.662064303792529
2.2231114190206016,-1.2093312513082026,0.8336969691960308,0.6538212686290339,-2.082964388702191,7.821709629030722
1.5750648004509076,0.2362741807177544,1.6717588717833491,0.18212203317106468,-2.996568623232339,4.584459170624723
2.574591697587703,2.272331266939105,1.9899931761670766,-1.1549152475840314,-2.6524490010348747,7.873879824252
2.268057595224243,2.6816966717879644,-2.4860792875927276,-0.08405722010031713,-2.5847248891896983,0.8957092889633785
-2.229651213001423,-0.14830573140761238,0.2988215609696634,-1.4096602263596454,2.2345982465115446,-0.5705708482096213
-0.46117235879467877,-1.7292107673475077,0.23577653267675025,1.3795864145398573,-1.7930936196618246,-1.6621876799377415
0.8992683458367212,-0.3713994965129759,0.10545504621354373,-2.2739748247904057,-1.6518159778106558,9.511339076237222
-0.9714866271152678,0.5298523107433999,-1.619311604420538,-1.6786956932906432,-2.5740414839458046,-1.0346035274940295
2.4325200780367675,2.157812401522479,-2.574855900668079,-1.5719721937860287,1.0138666697776832,6.318385175920444
-1.7145791557773684,-2.20612890764985,2.6130854434840263,0.42625855995170703,-0.16397384212923516,1.2127493315428044
-1.8575405138287338,-2.4184151146270603,-0.4136929055617351,-0.45852826188047535,-0.19785199177995016,-0.6408350822895396
1.3744550967591032,1.040187283759809,2.904991268195797,-2.409492773088247,-0.5842723073863874,10.009550648132562
-1.5080619964782862,-1.858746549355131,-0.3083187130012086,-0.46871016099357465,-1.3287291319983572,0.8287678180421139
-1.501161312707397,2.5395935956560773,-0.3412155296792583,2.1680946285709837,0.30195187469908813,-7.951316900741865
2.016165510479711,2.813977543708507,2.5582018980487655,2.0921744064858325,-2.0021333363765157,0.6194040740092266
-0.08615324729568918,-1.71751620480491,-0.5937582447032845,-2.6481876001669264,-0.7261612861385034,8.194784116971835
1.704423611691416,-0.26994979596514046,-0.4619550840590225,2.7439058451580394,2.9725361369562826,1.6777090737908957
0.33460994043370906,1.3104496517779562,-2.071219048355615,-1.2197530470326148,2.8122561898149527,2.4033871245834426
1.4878533622743841,-2.6570083625551018,0.5050655667538271,0.01710229751708159,2.116319352289712,9.53776782326609
-2.0554036323631006,2.7646734196467024,-2.519331208556479,-1.8850502341156607,0.570210638700166,-5.082173577503929
-2.280680316317255,2.3417238847766253,-1.5227079132682508,0.5671149212006474,0.7162890619926188,-9.332493587961132
-0.48465050798476517,0.5020337357473483,0.13669629319175325,2.6082375464185636,-1.7744448034587814,-6.38625850483911
-0.625284919252473,1.0301413377598276,-1.2000175212074267,-1.1029368223688758,1.511186954486413,0.3411088200968999
-2.564741313041056,-0.25028686428848346,2.990726645126654,2.9765786871305666,-2.560435673402202,-9.36223887768695
2.599556267962255,2.2851850421186377,2.275621454907257,-0.7828374675666963,-2.053519005856608,7.9981377684586334
2.002469727838842,1.221239550524226,0.6700665943557009,2.923398381789026,0.9238579062643959,1.112398543567025
-1.2037274868001326,0.9803322897964639,2.633580023562623,-2.194253313639794,-2.3074279774853865,2.701223244231811
-2.357784133743494,0.3193418453088954,-1.365910726111102,0.6289789621813435,1.305673122832788,-6.2716814232640825
-1.4160965902175435,-0.06880888710374045,2.4320189464759396,2.0766222797691327,-2.4462091937235995,-4.709187766294475
-0.45854536461764184,-1.33991865616649,-2.978725865473306,1.6267153381177621,0.8226802638082775,-3.3252307858290826
0.3100825267583476,-0.43387848611592394,-2.94198180234996,-2.5485368395573977,2.298638359800858,7.508486719604536
2.4235714293593587,0.27354173523313374,2.0075701193161004,0.4950573989387639,-2.111437286595104,7.089740030041562
2.39388893245554,1.7767338293282506,2.1642154920054164,2.3935478191588473,-1.7395407699614758,1.7353147601655041
-1.5028215646624534,-2.3832382699692864,1.6806974512286565,2.3048082087060537,-0.5617356610072992,-3.1534742175454933
2.579286094162047,2.187634177319784,2.8572361975857774,1.864630319642381,2.2884972279799465,4.824619262143415
-2.8512818286108677,1.4193868305304926,-1.006887192321428,2.5848953162899537,1.813410833622834,-11.800765739950082
-1.3991657424331678,1.7242470548128264,-2.3514262415822573,2.2330006974365384,2.15155950802669,-10.026256656465923
-1.6653976947260134,1.8995196335815736,-0.23818059192634777,-1.1688547959683966,1.7720729949171705,-1.8943626547206065
-1.841221270033748,-1.030428292813761,2.186117652181718,2.801334624290167,-1.3252500436687715,-6.274593922075921
0.8488904316457662,-0.6019296938396348,2.8868981231895603,0.21729439487233115,2.6354228419482943,8.530431675845445
-1.9285931029652181,2.775205894569333,-1.4072018248621883,-2.3495847167117336,-0.39261744861213366,-2.3951662371203906
1.371270363916226,-1.1179361148300526,0.6372531198368598,0.0685383580168688,-0.688827399931637,5.958148812613987
1.2527117030050237,-2.9898523306882234,2.553450992994496,0.2307119825567514,1.3165799948690733,10.281766776674774
1.4517004670368596,1.0237710265979967,-0.8146711693124149,-2.580157133242139,0.985426109467634,8.692445511236844
2.0880916770380127,1.318525578083701,-1.198066390732415,-1.1442920267480805,-0.5496425482846989,6.573383713052772
-0.5855976776536522,-1.226068784844318,-2.2362732056450807,-0.4773219973625502,2.642182024381098,1.5179409005284357
0.6930894957082829,-1.194300752606608,0.2876232788141895,-2.997564361816275,-1.2785176987864368,9.282892879890689
-0.4206711000609924,0.47990868717409185,0.9282337422184295,-0.21007085851791452,-0.34704120417115547,0.9896313943097101
2.407084954969525,1.7761485607606815,-1.9818516228116716,-2.4912267796492698,0.09271205949129868,9.381089852467444
0.7976451345947746,-0.9888704675411946,1.9105407872199853,1.5068288252443933,1.0367740233430025,3.766787681050957
-2.853447673639042,-1.530944735529899,-0.149181934687169,2.098426167748391,-2.563030624892585,-9.065210516897253
-0.5133539340136837,0.7785922844262823,-1.8333885795617442,1.178125502943029,-0.03373698593737817,-4.529921609455406
-2.9667310911718094,1.5057868597108373,1.6202771314441504,-2.360476220618766,-0.4491228363435953,-1.2011735209603143
-1.94467990976081,2.7477962536772385,0.10774650266244468,-2.6986896891561543,-1.50481032204017,-1.6080472460380617
1.8084996103335866,1.005466395518119,2.9273547183986883,0.5727139108165185,2.700237650658936,6.911228343229453
2.348555554862622,0.6759139365705771,1.3156437676558026,0.028668988946411567,1.9834150183284898,7.528513392566025
1.4619326529575094,-0.15195337906168005,-1.444850709209884,-1.5165615749420427,0.8259686206569379,7.311412982854247
1.5948821057829932,0.12779887696789238,0.7604906218906877,-1.3524153184947703,-2.535099876811585,7.290887028592507
-1.0817425894874262,0.2409133351107382,-2.1697556309030657,-1.6124311216308793,1.1636988737943135,0.9656243993767606
1.2385148501673129,-2.6146268957167313,-0.5544037820004797,0.2556668430234921,-0.5053545953810641,6.666152475861051
2.4290308700410614,0.5044764852253509,1.1731379189878082,2.1403921938236055,1.593567456708417,4.92463665117373
-0.7177138264337302,-2.9646234984960413,-0.8894471839690521,1.5208507503563151,2.120687703414628,1.069276501585476
1.4850940138683049,0.2767938584030345,0.6195155336474478,-1.6767678340570866,-1.683470192271383,7.737691835172089
-0.3849841437201804,-2.8258510803197083,-0.9832227378097054,1.0748513101700983,-0.5740999851741773,0.9907854531674922
-2.2342332163130356,0.7335417658443881,-2.8382012885691736,-0.6358784619617719,0.3863518981486447,-5.28830377117504
-2.8373877219581254,0.8564978880560146,-2.1858030766166143,-0.22980933569092965,-2.6982921990682347,-9.509479452255098
-1.0389251707121487,1.5673782473641626,-0.7252427066151821,1.5120589413287089,1.9915457109316357,-5.349236676280201
-1.4863708093057164,-2.5085626034301445,-2.883700277699936,0.23651428753520243,2.9994469710552556,-0.911709433286249
1.6873982976653696,0.9105279314633368,1.525399224357157,2.6976703962959334,-1.8038359058248026,0.1352827630489294
-2.877719896078006,-2.0857059252912578,-2.2426741507547625,1.0167530677194643,0.3838174915801149,-6.67218424678704
1.6013885901374447,-1.9932651397931864,0.6434849633455899,1.4875539117317151,-2.3128027717266137,5.038318918057577
1.9158070458665106,2.788324638204526,-2.3514075020543608,-2.845929447015204,-1.1282565336318289,5.63481050874337
-0.6200733509002361,1.29008823029681,-2.5440211329416402,1.1436864955978816,0.7634543736062667,-6.669957856509861
-2.388592167324141,1.634885309707344,2.1017594345327772,0.6024696889010648,-2.2736696095961095,-6.224656204722907
-0.9167774081493061,-0.4297319205915331,-0.7765747426916629,0.035764738062467494,-0.9526129508323011,-1.5338818774042686
2.097453761997464,1.9339855085403483,-2.3667667761360085,2.7647254032874713,0.8135106366086755,-2.221257014258515
-0.38707712995393795,1.402771824080351,2.7928423874284665,-1.379505621675595,1.8491953128405356,4.076983926825763
0.2290374386895344,-0.09901497670082327,-0.3865530419766343,1.386157285830734,-1.389626771704648,-1.0228506501779202
-2.4800226116659534,2.289787104016632,-1.536819364854264,-0.21174920038060963,0.661990225383124,-8.679180585992906
-0.726064175230416,-2.8278000133794627,2.1057170178747544,-1.9089608570538492,-1.727280898921566,7.852072177224166
2.2819198785493526,1.2071025019932096,-1.3423885454628905,-2.9390933133679376,2.688375466662187,11.469097356528899
-2.4863222282518724,1.320447984625166,-0.06853291890727586,1.548987920894799,1.143656036679138,-9.234762812668459
1.7575972087939045,-2.44167989667197,-1.670421597164819,1.1507229317712113,-1.1627638192194696,4.143807586741574
0.48933351199420283,-0.16043706744285124,0.1855315868746068,-0.44697712376871124,1.475612620281658,4.317391575326178
-1.374501438142822,-1.491577942794351,-2.276064691486165,-1.8444942392908956,-2.282671552469683,1.2611682161802873
0.21518379230249884,1.5731376569046178,-1.8891009453740282,-1.701692160728366,-0.09480847672374804,1.7770067363947422
0.1478212146516471,-1.3020077803502699,-2.3968433514552556,-1.8352945314535594,-1.6351010191046718,3.014682936239118
-1.92335073788758,-2.915109796463617,0.20481053560597973,-1.3541320393003962,2.845769586616427,3.7546854956945728
-2.242323042249547,2.210767183577664,-0.05472783285732685,2.236318409991208,0.4443853177579937,-11.30732263345485
-0.18361833041693876,-0.3571872111839385,-1.8938179776595097,-2.6917396968985328,2.6463815806086197,5.74113132158434
-0.5957553464883611,-2.5555069784661613,0.7766742417119898,-2.6783455542448014,-2.1048144931580692,8.132436187261508
0.37703758250738506,-1.176986928946634,2.9635087362613213,-2.2892906267312307,1.5866606719571656,10.903427525917156
-1.6458771776097922,0.13543521078130727,-0.29691321066747456,-0.3436739758840299,2.1609999949570806,-1.7946942927972467
2.940187562800787,-1.1677185340838376,0.726163926432891,0.6577854734707822,1.44053583290727,10.560289427321699
-1.733848828167642,0.9625688231522198,-2.0576574397147374,-1.9571187100413932,-2.5496107865929925,-3.1067578590764198
-2.9839456643826856,-0.2969777722937854,0.5628671707173796,-1.2524442658138344,-1.611142592663845,-3.6620305127586112
-0.27581204155774053,1.124309520427456,2.543466266895292,1.7269681598803883,0.7503480429853315,-2.333466366361526
0.9670982571202069,2.602010750673079,-0.44916620337473034,0.267374272263472,0.8858083404148847,1.1294329608185636
-2.571540978865115,-2.004463264675652,-1.1543291243146048,1.4937463324177394,0.4152422959145543,-6.736248782495855
-1.2683364701649495,-2.2538780509517506,1.1320679472725619,1.198402109854304,2.6560574444642446,0.2872498347057443
-2.517348888604194,-2.760835294898322,-0.40782801503536437,-1.0660704998502002,-1.4977925855279766,-0.42511851826854236
-2.4520386802140886,2.7714666131570205,2.015751683437088,0.4511946553195827,2.704717666838114,-5.146428191364912
-1.3829338441976766,-2.758609961132303,1.537612982475343,-0.17699506049019842,0.9090569366021182,3.389599817691493
2.4964367275606048,-1.9110651166612445,0.5119777516671262,0.8087083167245215,-0.04964518685391983,9.190194819733238
-1.000149638009448,1.0208010571271124,2.146398566402116,-1.0211780185262076,1.1620420439005947,2.3659738627265843
-1.2706932278312655,2.6711612373792635,1.8813962084278355,0.3005796538306975,-0.27104454838962333,-4.287945651235067
2.821108360851463,-0.5749496579955262,0.08757751397463043,2.9287152886905243,0.9459623188987738,4.334376806868008
0.2555615661431698,-0.520514575204071,-1.8745047516328373,-0.8293238450899487,1.5386589243334425,3.096129091694758
-1.7786505698983568,0.29531783451199,2.5660365650666863,-0.3713034295657307,1.189500174733034,-0.5096552724034366
-2.271443499824281,2.838880894930166,0.6532300024917896,-1.5642152260340978,-2.0497310171686056,-5.560900028595716
-2.4407447923108645,2.9535428363713176,2.4775792709050073,-0.2313126349272996,-2.2952031054626545,-7.048070798766045
1.9928590426134072,-0.009746971756828593,1.2996199559507469,0.053232090417070665,-1.3594506197203549,7.458309556643015
-1.5376145635491698,0.307590461282818,-0.6984839205171003,2.5312088995893713,0.049445349557363905,-9.516566398503748
2.2759575308788564,2.1841616065715286,-1.3425155830677542,1.7400370920186807,-0.5103454586919289,0.30484931651867353
1.92329683911347,-1.3029661003030402,-1.2086649013693969,0.5216263344849663,2.993413999376033,7.119327739328646
-0.06215792006579424,-2.1084274897032653,0.23148346622324212,-0.929256349841955,0.31150450242486594,5.5433827432561245
-1.0693358986257755,-1.8680857577573675,1.184990565723428,0.43078585190940677,-1.5986253236526413,0.20692500568217312
1.6532668505955534,-2.7381162054161887,1.4682309093911758,1.2313672861500153,1.8684534153892614,8.007996199246264
1.9244853102573298,2.88490883195871,-0.0280281023014588,-2.777882331926543,0.01374690079779528,8.873918780656949
0.541082575857402,2.218201880173293,2.2451422443258497,-0.3581627413759372,0.1557065208453685,2.0097529964707377
-0.5401282815218136,0.9286879585664027,-2.073832687370707,-0.18305639409160834,2.8152217834453035,-0.6360740897945588
-0.9686325956914099,1.1562275915212918,0.8990199154756358,2.1105917541041483,2.1140480193953586,-4.443919746831198
-1.100033076399602,1.3123045513378981,1.556410856006182,2.2342981043912182,-2.7846054009738808,-7.818608924104088
-2.5894755169106913,0.7869661011278435,2.52557459268178,2.9845555377372923,1.4805982004275613,-9.33472164360485
0.8024869726847479,2.2354753956425437,-0.33792869002976555,1.1640069767594072,2.420544372302916,-0.4726862453498054
-2.7240541879367237,1.776860790973271,-1.2397933442087472,-0.7509534613481108,-2.1265812258036094,-8.629207227312955
1.7551168432857196,-1.9800981055914157,-2.526189896040032,2.225037591869129,0.7182622112244923,2.0263251933599125
-1.5550212488621218,2.476974096141329,-2.141293679228942,-0.2331005198700149,-1.4761359635187463,-7.347123095688317
1.827798461850878,2.4072565415932985,1.0656653141944767,-2.0521462675692783,-0.3496212983771132,8.031473008940091
-0.92660625334151,0.5254302307585288,0.8336322141600729,-0.45414636923461416,-1.4994106535537925,-0.4336755480544947
-0.691840506195927,-0.10075163364470363,-1.5767657884345523,0.4315361541044336,0.4488715810718702,-2.2840484087445194
2.9561522617613853,-1.2286154767003838,2.8676669074611763,0.9493788955720843,-1.3531177189306336,9.387056703743518
1.4680130469919508,-2.705734495344,0.6384389584588472,-0.019636280856778043,2.4249317453623522,9.873170993262105
-1.2828350912448332,1.793160717045592,0.6423899889855957,-0.8860742649881006,0.8197072680353514,-1.7086127634027148
1.3255702600242536,0.9550892419005219,2.030022701775099,0.7694886221213899,2.4204222244378073,4.444894619564327
0.8780436533431368,-1.1464026962841836,-0.3550608590231308,0.4774428322104165,1.39415860763543,4.88181288027969
1.484885189630229,-1.9461595773341602,-2.2070412135192985,0.23644655390652636,2.828937487268039,6.947903808689779
0.18511424221671025,2.4809218468901815,1.9828357174043845,-1.4581794926204261,1.9481388752544433,3.56205813797327
1.47935610430227,-0.9677084771886824,-2.308981755301444,2.777359757213265,-2.1554579099647038,-2.016861464170183
2.7990012567765126,2.160843581392931,1.345300272453109,2.879653456691421,2.803618483800194,2.783699773940583
1.7440918115336252,-2.916488069394593,0.21943384961435441,-0.271283833596752,1.0369702912425218,10.14725297028134
1.0340447841060794,0.5073605499129963,1.9345038073606453,2.6417513506773247,-2.349923386804616,-1.4231592124189383
2.3054090712891133,0.3684442934992731,2.4915354524589564,-1.6717967995560599,-2.6206977530388276,10.959849501835048
1.9431321083426862,2.4563258305673523,-1.1868589528244986,-0.5502248652275235,-2.1613379249566735,2.8824668765466015
-0.044252286130764595,-2.4168480082690706,2.3235558511710135,-2.186015707761981,-0.2781374586666443,10.24027780510084
1.0229173131010274,1.4588407291390295,2.6758445146765926,-0.48523947951166324,1.4536140885918947,6.436896876734907
-2.4058701917368293,-0.06391777326231285,-0.5513046858137969,2.7091291522863568,-2.803702278869719,-11.271854048035971
-0.7768202475933874,-0.3397014836357899,2.703331019108562,2.1327011598357277,-2.403872252363218,-3.585636571072126
2.867055176712281,-0.8479569527260926,-0.6111621435337615,-1.8611486270335227,-2.2670416854764177,11.208531998281625
2.088199130782086,-0.27169578857689736,0.976612428371868,0.8502268033993055,0.5828757571172707,7.2899656855154875
-1.5385866170158582,-2.2444566881517427,0.3874678554477802,-2.5883390830538646,1.5909442553315065,6.746616138256359
-1.757055777920049,-1.7042918884879514,2.218172560617268,-1.0286426794066175,-2.1146749203513378,1.957554334982949
2.1504367582810584,-2.131872118076952,-2.220047211339379,-1.496074819631257,-1.9530172745916392,9.651895700871062
0.9663458555839011,-2.8453191012828096,-2.910838036615747,1.7399079854085233,-1.5724103634572217,0.597222787677678
-2.6856058928329407,1.450308341724897,0.15651315958720247,1.473991650203974,-0.14252420746049843,-9.571664789310981
1.6681022358852164,0.07942774565514998,-2.345675939976927,0.023032138714928152,2.672493857820638,5.83065889341817
2.2018854465590296,0.12870728827850453,-0.2517448674139078,2.784157098732172,-2.635047555032965,-0.0016766908731055963
-0.12610853400982025,-0.5902964729246372,1.116584976373396,-0.05838687513464835,2.458204974691376,4.3159679619791005
0.6497845418006398,-2.6059066000793165,-1.3499040026522808,0.7984603458060926,0.29013860429016347,3.8112102455650883
-1.0488873400879923,2.9677665351655413,0.1833410245879472,-0.27770749454717025,0.6325607492118772,-3.0335712977659997
2.1167564237734506,0.9054999892878324,1.6137763806284315,1.3250394999455946,-1.7098616020350186,3.9452230715367245
-0.2906705042083111,-1.6290385538124936,-0.9664102869889488,-0.27900658255531585,-0.5040620984310284,2.6971274771521374
0.9906471783618533,-0.754193859386779,-2.0841664513876577,2.537910214406306,-2.5972001511801137,-2.863383427898566
1.9906313308491272,-2.4406193897779356,-2.4206134046052865,1.432775990932294,1.870615711664354,4.915371076837645
0.3695184839524348,-1.0221241115027697,-2.2666122878726442,-0.878411522197394,0.9920431200174926,3.8594462495009156
1.5017055015088694,2.2085528932143896,1.3263640724768964,2.8103917518688473,0.6024605473480622,-2.045945410875523
-1.7235671659679634,0.9404178179289127,-1.6545307853546065,-2.3506897084364002,2.0722405116080704,1.003730767299063
-0.794633696307899,1.5756337916210983,0.4446000259887759,1.8433282269140658,2.070930967970149,-3.7610359947352356
0.6814396832127887,0.8561949829789883,-2.8424770112784996,2.574505745969619,1.9767647397579777,-4.405527510114269
-1.3953136490753362,-1.9175035682348736,1.216192637193628,-1.1460918670205391,-0.96105205933645,4.106332852489389
0.39792656856825737,-0.5952939360029066,-2.1487520750923883,0.7990320759330829,-2.8160574097145643,-1.4771972562777334
1.4766705720342408,-1.7092027197989343,-0.48100503741298084,-0.9546241093840031,-0.7796814451379763,8.223592529349794
0.4055613396863835,-2.4902577601369242,-2.6843470414468693,-2.055540617357081,0.7070290915561834,6.967104185332086
1.043812263678678,-1.3673829387226863,0.9716321568495676,-0.08602977065402229,-0.3477348798133253,6.404260841838635
-2.3170949513387895,-0.4205181996126579,-1.300521179517304,1.0709175285607984,-0.08020347981449483,-6.180807091756083
1.0027953524180973,-2.7274958243734346,-0.6284196234742261,0.5959497416667023,-2.953877484600703,3.9990527102455506
-2.1765911684560377,-1.4668829758712443,-1.0312658643729533,-2.9536205605841284,1.4820847405786068,3.968677435489601
-1.9458311887449462,-0.7187553257085826,1.2220275802959817,0.001574079337278711,2.0001252145192696,-0.4606538137492936
2.170586172135531,-2.7461864306232515,-2.8875507804861256,2.5269746070144743,2.172660081672398,3.762764891276261
0.45455496442098653,0.4403980853150582,1.2569937694136053,-0.4938362409391166,-2.3089597640172106,3.3860115159845323
1.8079329258627128,0.7087515798254413,1.9921554784302433,2.5186185104483076,-2.471220712212692,0.548109457326473
2.066906158888182,-1.540101151063598,0.5332277298174715,0.14377525800378965,-0.6253998188440022,8.173344425129756
-1.0015882650412082,-1.9912037517258805,0.06289970725288985,-2.3158401609686847,0.05971237393783202,6.520460460463638
2.435536389480303,-0.9037484071657182,1.3642746340434257,1.9136916091491116,1.890222034500085,6.906732241162074
-1.8163691830561004,0.6143939116389951,1.5612917732813525,0.9330540631124347,-1.9371232263166251,-5.083502989600813
1.6370885354853613,-0.03529784989566842,1.5266749514819145,1.5592628976464908,-0.30656845802962174,4.157465260514906
0.8117899143635605,0.747130676651369,2.1854812489884967,0.7633044413986307,-2.094255591641539,1.5118364113420748
-2.5902824490254632,-0.34675161698229084,-1.1830773891659225,-1.351957995083045,-2.6629672787215317,-4.564252885595301
-0.288516817795907,-2.6586596949962855,1.990179789978729,-2.53961399295927,2.1855002035514346,11.713356319115876
2.1317602287365416,0.6900503304934418,0.042406904003730705,-0.22373004643636651,0.3258982280298235,6.921911364933676
-0.30159777809456223,1.8588955061878263,0.9110247278916592,-1.0708394227174298,-0.14622583234158304,0.28569013259098996
-2.094833539826169,-2.6287577993933957,-2.37898873637765,2.394761003734641,-0.9393733449703943,-7.876725879076231
-1.9646465313818104,-1.5135376584102946,-0.37345035414460215,-0.36346924942425396,0.1364882115932735,-1.676690018540762
-2.0475227521107517,-0.7628881073920377,-1.3026385283134927,-0.5473836165160781,-0.9697971189514827,-3.8562201135349135
0.8838321418158417,-2.604528874321695,-2.4329643149094338,1.070276069040486,-1.2951181567313177,1.591445703864338
1.3424019300147707,0.9393845184628677,2.438056182982063,2.239677972363233,-0.9998277836366603,0.460277605859172
-0.9010752747849349,2.8061790461564673,1.1908797768712862,-0.6482520939878382,0.5702473689094489,-1.722938490520654
2.628013197394565,-1.1425086755042344,-0.7399241636621987,1.7499717471812613,1.8791087028888054,5.836641580910099
1.4326480327768962,1.1124866416654573,0.1583600384050441,0.8761489244009271,-0.45956180206737773,1.067500529325359
-0.8290314219192925,-0.824413986107734,-1.9184224627389321,-1.714844032746598,2.686009605206081,3.2976167821006155
-2.174607880937524,-2.5370094941947423,2.0665703321153,-2.3931554179926353,1.6252483221786065,6.3909600977923455
2.0107189598073356,2.3020929929553695,-2.7735150458546327,-0.9794137682143109,1.5978456266834495,4.633700012803366
-2.0265167274692972,1.9880703401347528,1.6265868823859302,1.8542623178358069,-2.006765005535648,-9.00601142972154
-0.37395956916991935,-0.5348483310207994,1.0581775331311976,-1.5748187913184497,-0.3348077411683459,4.854828549030378
-0.306432221799958,0.2040668981895668,-1.1431926206232623,1.851743226544718,-0.18590636980648378,-3.4110808743184258
2.0106803563542446,-0.7929542506498031,2.682781021464738,2.9066387611894635,-0.22992012935406514,3.598977039442738
0.16475873076889602,2.7976089192356834,1.9013474374874404,1.8075553449092858,-2.169608792379413,-4.143372096197032
-1.4999807304659576,0.847074217226683,2.2447016703134217,0.32724447254658706,-2.384461609509544,-2.7643220555384342
-1.2896219156440294,1.5787009817501456,-1.3632522024518603,2.431837253869447,-2.115908064050374,-11.434820521338551
-0.37516463883011486,2.678479578070564,-1.6677719585581163,-0.29323205867574664,-0.9024895311681065,-3.6879825506757697
0.012042688159412673,-1.5853315568194042,2.9671521074297473,-0.7505239594933943,-2.8308747268311,5.919427311094441
2.5849554284997183,2.035057725669634,0.8997641057650898,1.748283824893056,-2.1744024736447702,1.4402839992775345
1.1764319314559017,-2.167243849090883,1.2332170517344823,-0.30839115610652046,-2.9684928101662926,8.076626564231532
-2.524645372375672,-1.4644564293777318,2.0097785956942857,0.2928254726630124,1.3634087119495906,-1.5894664901008793
-1.2713905317646168,-1.1930928324826802,-2.7135033202868923,-0.4810467374793417,1.763394651836629,-0.6159228079428207
-0.25731830018130797,-2.33485262825991,2.430881313971991,0.5804342569136818,-2.9013878867646334,2.621255970325321
-2.1385389585224397,-0.42456664137999756,0.6888574966557037,-1.5566145671607388,-0.5005944287487614,0.04125357665451477
0.9862278104520543,-2.486316270076429,2.84792694571333,-2.5939240625469235,0.15635667193302316,13.003310224008796
0.3249117145091729,-0.6572776046396154,-0.17918953104908386,0.8140247488117804,2.8862365353093615,2.70407001153383
-1.4780984335847236,-2.9025466133463143,1.731120097677092,-0.9311850410196523,1.3976461287038502,4.6389573321086095
1.4111219088738673,-1.0048883497680907,-2.733985870228751,0.2760824712461494,1.8810531933365287,3.815039860096023
-1.9494652376897494,1.6748555608696893,-0.21226260151777332,1.1723355119763834,0.790415086550027,-7.4347307351889285
1.6571423982205307,-0.2539225353158807,-1.2393445729498125,-2.7371623460452614,-1.80318099770887,9.361605497709872
-2.748564348417708,2.600225879702384,0.0923015355269925,2.9347362137767403,0.2581841859251153,-14.175637045330033
-1.8533794155965346,-0.8581549437878193,1.6850494018705504,2.194789662468345,-1.0084518817119328,-4.8130854753260595
-2.2531499505336994,-0.7918849541119619,2.336919102073688,1.4598462331177275,2.3678249697303198,-4.069849933696706
-0.022780640777864125,-0.014859645038236113,2.5458627997617818,0.11565512120965193,1.8068885244106427,5.051246323789124
1.3624879460558148,-2.5264379636671928,0.6147197929813633,1.9340476772393203,0.2728463840678219,4.6096686967907425
0.9655153287488201,-1.1610248634554852,0.6157297663835988,-0.4433035627017272,1.1385888506729174,7.439669650739255
-0.8907180973680475,-2.745869022899223,2.220223050338353,-0.8846441381491061,2.988903586638294,7.393203320654373
2.687426271618518,-2.5497530100710444,0.8250752272997897,-0.8201332160941064,1.8065758533730198,15.86408676708726
1.076463646888139,2.7167363776776465,-2.1433231898247014,0.6454374199251323,1.687871818460799,-1.0484155486433233
1.6710922410411921,-0.8020291613571087,-0.702873589867334,0.4034678503447169,0.630568973128713,5.626679678894927
1.0743723414803696,2.6929411755933383,-0.7679197291758975,1.5785068307914774,0.4435306700033741,-3.090340170644219
0.8973644202361895,-1.5023300814396123,-2.3193083244898918,1.4140491568765663,-0.0057362384611989725,0.7670781373465287
-0.6780757197644194,0.3700362645578825,-1.429339940475025,-1.4382613731605798,-0.3223613255663027,1.3425790839945047
2.498873457251288,-0.052798828474655224,-2.264175468576175,2.116957742305936,-0.2877438885276158,1.612050278976976
2.392074184717382,-0.32933284354527004,-2.4732555533716134,1.0915755615038227,2.0731273138481967,4.5545797017222185
-2.6103655301035733,0.25302816735337386,2.3479900941233334,2.108172304518755,1.2708546240432756,-6.613563255456412
2.563946740339066,0.8262001353840978,1.7621783030700167,0.052534471045804665,-2.2718252695292587,7.170076010415457
1.7422383648464947,-2.842295839150406,0.32412862355757044,-0.7865330069926757,1.8219703577315185,12.270259086667267
0.30988160355856476,0.6716901757231253,-2.4827071100884037,-1.144255694829227,2.9975702636063213,3.151115565162792
1.6149873022481884,1.9400363970503438,-2.5574957225325656,2.834278389082595,0.854031536318288,-4.677166823856884
-0.30015302602202354,1.0806539438974863,-0.9329113157838016,2.2677609099024707,1.6815775730298501,-5.1905433471655815
2.7975876836046405,-0.4042902811081506,2.464273625681324,-2.6675228998933376,-2.2550332761659266,14.914153740912893
-2.0819071991387963,-2.0120575206592552,-1.0640354930726663,1.2559927951754748,-0.9238615059487616,-4.1263864550193095
2.075602236935193,-1.4963681461080056,0.8103425483264752,0.3050484928988384,-2.248978229238584,7.0132242096383886
-1.1830523633467436,0.20086817861028328,0.015438868447576137,-1.988184589513759,2.649641927211575,4.030038344228787
1.3237966106236376,0.6308334471711325,2.0551800246803342,0.3817082065877746,1.9514176039597917,6.513228125798708
-2.829759072606734,-2.727229180251948,0.8487224029461604,0.4606273888642747,0.9067798649135992,-2.0354042885892003
0.8339471532532228,-0.011771639183303595,0.7629840617885062,-1.2619700591903653,2.73990101972643,7.587149495395268
-0.10233109094748327,1.828128925294398,1.10994504717406,-1.2153967714215461,-2.5621618469679253,1.588511891020405
-0.09449321935584454,-1.7758619186196078,0.639961576923818,-1.1245050045184017,1.310177310674625,7.008685474902373
1.405198528827281,2.164664194525952,2.8522447674892817,-2.2154030906856814,-0.7767588116982527,8.333717842799254
-0.20116459775618134,-1.3951699532749056,-1.5124867048467263,-2.4191300846365715,-1.258727970180591,5.504598867650526
-0.6951009989903638,0.6922646649838118,-1.5103783177128804,2.1918450103243057,-2.0418020272190343,-7.988330014892702
-1.1237104748263618,1.5787282508317713,-0.010406747640547387,0.08834903538890693,-0.007441749614074844,-2.8121703458043767
-1.1487571076734242,-2.860942210701894,2.6713968244154236,0.032666778142629305,2.8001197833148526,5.634432609285491
-2.6967575722326487,-0.030634778848941835,2.294036858209207,0.9255602213377028,-0.17647887979082544,-4.853904038096498
0.2201444957335621,2.083034192360807,-0.4144333839147567,2.294734385511557,1.3650483801563515,-4.646268669161948
-0.5965102739114605,0.42168986328617564,-1.8320681886736856,0.31933755972691014,-2.558809501542949,-4.356518023605034
0.025533174739228226,1.5864246882434374,-1.321675934256108,2.934544203724336,1.0823918407131643,-5.7277306663505865
-0.6365777236283572,1.7693833702856745,-0.9654882002846081,2.6336914017322526,1.529791033756764,-6.56690489906012
-1.8056527106853002,0.0547350973510925,0.0004674214238633567,-2.7281798851975516,-2.1777817585948775,1.0056543401488498
-0.2580686443027562,0.637563134422825,0.09303439288352333,-1.0322049141808425,0.678408726388068,3.0589648515975245
-2.024987724738364,2.9436944253668402,1.4359161634416253,-1.2045939448300904,-0.9817592870899299,-3.736709052035708
1.252438838612627,-1.2012566115755177,1.894492999462945,-0.7898531408053824,1.042838354838099,9.145967756605943
2.879388187074971,0.5022128510927182,1.7805288835808826,1.3519452753111318,1.12826190721663,7.939810155746375
2.8024241770323055,1.6974239485885283,1.6569721510324324,0.46580637518509693,1.3284006737778409,7.62185033858691
0.5011396622858397,-1.976927629520044,0.7741514468721817,0.7184148330065367,2.047002749749586,5.78375469150963
-2.8105769199474038,2.6892310247058084,-2.340626871997819,-2.8863757949603244,-1.1178450993248688,-4.8072061300243645
-2.0914124512839276,1.1430015655111525,-0.5377355440637697,1.649833810842546,2.5231256993832645,-6.9995042763394295
-2.6263122839134083,-2.1715050852887385,-1.7559497701725317,-1.0497027934436713,0.9733607982860946,-1.863390101257704
0.15286290840021222,-1.1174844075730972,-1.9609054568560336,2.472744965544062,-0.9460378939089233,-4.287997212773713
1.3255473679637557,0.859854599996769,1.1598798601789255,0.6604594804725092,-1.8464149851797196,3.1475156932339172
-1.5208851868358377,0.34851990484442474,-1.6507977720430997,2.837463765543414,-1.2143126083385527,-10.40584409879065
1.2299295584411807,-1.0977555298893118,-0.9071809547921603,2.6022022486248035,1.7724321360140012,1.1788094569474268
-1.3592547794674616,-2.2687553656037096,1.0597334746952747,-0.7218348877537051,2.8809632239281733,5.0742540458562715
1.8276950037394215,-1.2572840880423866,-1.2742179503151605,1.2848477249903718,-0.921818915426301,2.3975343092521113
-0.3457433288109879,-1.4613361471591075,-0.12552442190110114,-1.7875919567964211,0.23146754225191657,6.684188470953134
-2.1763622711944626,0.6940622064869535,0.5209829914248907,-1.5452517695382793,1.0190037893586243,-1.0722700799986498
0.1862489383967949,0.827667440451826,-2.6850533589632235,-0.520191803710448,1.304148337501462,1.2094032320086794
-2.96891132155722,0.3021153946777,2.5745980810198663,-0.558555290718699,2.6101925915769097,-1.2961203869319882
2.270397729085369,-0.13530887735462116,-1.80326415199439,2.7834842333456145,-1.072993787285,-0.8721768409316146
-2.463235676930902,0.44480011905223993,0.21091366136162826,1.33870606945454,2.6200162785037566,-7.257198203106578
2.479378354019115,-1.9496113471142213,2.293469838988999,-1.9452677547668247,2.517808871105604,17.525022013940514
-0.02769661606945295,2.619652468666577,2.7727882805000545,2.556238187378658,2.2604590075075404,-3.4857769630809927
-2.9443969891194013,0.4077712119869723,-2.356195855358772,2.8979633302260384,-1.2926300858997224,-14.052992906366917
-0.036525477949084895,2.6313630104452344,2.1063584314679797,-0.1918753859622595,-1.8431316103571413,-0.6445182424073552
-2.324119433879073,-2.025034424761568,-0.24651317380583304,-1.4564107186228854,-1.8828055852315937,-0.1803235169834064
0.4066873345256359,1.5436965015453676,-1.9470305169692117,2.136879025640747,2.3822565707038503,-4.857242498290903
1.9619389516578574,0.0916839537587757,-2.479573380909865,1.0155351204597256,-1.8913127937159602,1.614959250798131
-1.51171749799713,-1.4352883376073369,-1.5868724831907965,1.5225399106887423,2.724208935929475,-3.1676664304332336
-1.1883249618503118,1.3372951704059846,-2.931385594834992,0.9221002024211922,1.1566115425364334,-6.4546192510667915
-1.1591619479782813,-0.5675003221896162,0.015122827430337438,2.370710218897525,1.2213422106135354,-4.740119328501358
-1.1341323096920382,-2.2955055249313423,2.496782315103812,-1.2297743990625192,0.6877526888630943,6.271736083307265
-2.0808866118649245,1.4864090229051392,0.6344336885344162,-0.504926307412652,0.29540705291018865,-3.558082428816296
-0.1750315387241308,0.2251061261592051,0.9845666360379832,-1.6895302640560443,-1.5152074241485336,4.231656276371985
-2.508778161160351,-0.3195121350211001,1.2225967509352351,-2.531383667115359,0.38501233364084886,0.8292409646135712
-2.629451714659897,0.28589549226558875,0.03292233655557464,0.4362100453671882,-2.100885711705514,-7.598911286965698
-2.3025598668920146,-1.7675910867638307,0.4988860706461056,-2.454350133289873,0.06225212419700732,3.7381783488870877
1.8521524990634228,-0.27940619892130814,0.07948705920984889,-0.259209145728744,-2.653579314404851,4.839289539460548
1.3396804789500134,-0.6243077402804551,1.8987193555987831,1.4748268969908942,0.46986759035421244,4.614991866080141
-2.7282611836330273,-0.9328268006271925,-2.617440527327501,2.9647419628615204,2.6074967933096787,-9.863738478141613
-2.809590773861526,-0.5467983850845104,1.6138323755008965,1.5949660975422706,2.869999709544606,-4.842135200526055
0.875284908582981,-0.4778283667060328,2.957139591485274,-0.7051222868917675,2.2177217118642503,9.550811917981989
1.0963821246092484,0.9707552287528087,0.23580158351316127,0.9212045905122119,-0.9133806771650983,0.6972841560480402
-1.92915822597533,0.22355091838800734,0.1730552372640557,1.3671488454367688,-1.6638587042024011,-6.911732223258035
-1.209822067782109,1.0409991466594022,0.26667203415012475,0.19160165098055248,1.9401626242547056,-1.9711985134862857
-1.5149277689773466,-0.9230415900742397,-1.3461016332292361,2.6244621668104013,1.35014367545351,-6.139342428833886
-0.48455640904948716,1.59632080508342,2.3025397310722475,-2.9061252218187024,-1.763510268898715,5.738365691439754
-2.3946197214449576,-2.7985423454743152,0.586709380389316,1.219717601189572,-2.7079420725375054,-4.4824665351113175
-1.5939643290746301,-1.6963847389346796,2.1823814560203383,-2.6613357898532346,0.023375093645607414,6.124659152596391
-1.264419291876487,1.8947175405799008,1.3891048986961092,-1.0865778217848479,0.5875060456635746,-0.56217926409556
-1.1894133891347805,-2.1404373950200277,0.9612745428644591,-1.6737435573238046,-1.1969942774554825,4.224383664853766
-2.634254177359427,2.691121530160328,2.278283345783298,2.469465993723267,0.7559588258899801,-11.578159339405277
2.833741412062115,2.649518458991471,1.0280551484743334,1.714827575883108,-1.0875932561021266,2.5122716467820756
-0.5020521994713318,-2.104694353049018,-0.7412388689572076,1.5264965834287523,-0.1588870775266802,-0.7077562374588768
1.2454607849278334,1.8346569596093216,2.488447042895433,0.374315697521455,2.8067171312797603,4.7143701418717985
0.34372054919563855,-2.1954434936455316,-1.5428489034624855,-1.7799796016396736,0.8802351092876681,8.615279458772422
-2.445216020838818,1.3475082738432116,-1.8571102894155702,-1.3892304728701128,1.0420315238074709,-4.871190981283683
0.617532269934455,2.241722750937238,-1.871020236403468,1.57017850522326,1.345831439112895,-4.143178410410663
2.216843109147227,-1.0022141350870724,2.742118563160039,-2.907997762629043,2.6229585792134866,17.359467669106593
2.7724653366867535,-2.296102803339993,2.99743204210687,-0.1264747419458052,-1.5444409089255509,12.797128507076717
2.4907587575613386,0.3124757552868873,1.6530832923826217,-0.7160295337624647,0.20190076449757832,10.001104079212451
-0.8444426666905454,-1.4306302356878844,0.07689924014264093,-0.01633624139410017,-2.40835061060712,0.5547829948376782
2.038387089382109,2.4859829933849342,-0.7757704714124491,-0.5164189765282527,0.375148364786126,4.146651902245605
-1.6723554101026485,-2.124463721384709,-1.4353553405413826,2.6085495017781213,0.4748575562244026,-6.509323785070408
-1.0208082841328405,-0.7209613515530751,2.0001762917219104,-0.004191105784065119,0.9276477967261316,2.0278223076086297
1.1090796740754367,-1.4560394541907034,1.9295516381541375,2.799049603502062,0.850166726392243,2.0876187942478848
1.7698530861218043,-1.9844057348389097,1.321881184572562,-0.07010207247520572,2.5013963381662006,10.772249135812975
0.2528211321081306,0.8508567790941992,-2.647607690515619,-2.7970574570118565,2.0801842990963344,6.3262546321885385
1.586033061432115,-0.5256466655064438,2.0552683009520907,-1.611399647535327,1.243017382220759,11.333619551148871
-2.9451512298560294,0.03439751815839065,-0.7607958438791287,0.7070114152608182,1.0005283773200384,-7.853844949339483
-0.07287369598157234,-2.960325858047047,0.3098613654675413,-2.9288941912326454,0.17650588104990383,10.6801149903161
-1.351555576813008,2.8648760893950698,-2.897144414385437,1.8789433254834593,1.0441977127152615,-10.491194721247963
-2.357901427833043,-2.4221166584915492,-2.106615085558497,-1.8484076580503208,0.15873591240129725,-0.426417742989456
1.8912863442796954,-1.3960515799401851,-0.6186214650115716,-0.7616904992179068,-0.563835540756684,7.253865684321915
-1.644856484235467,1.1042497528223132,2.0872026121892144,0.9224143173549186,2.1493149541271226,-3.6418529402325164
1.5575151010610684,-2.4389969674373435,-0.7244158665611042,0.31620863717817205,-2.663310365226206,6.083031157324986
-0.0008496413232479405,-0.3965420881700261,1.7062578647406674,0.39513976770621007,2.147761880182016,3.640528003813735
-2.4278289871756193,0.16895511384988815,-2.7446894542977294,-1.731497664692717,2.2087013434896337,-1.9686668418522593
-2.7206281755495403,-2.5539116404460938,2.5535088604855396,2.395869905190052,0.381059184287901,-5.164036522403643
-2.8025893190791686,2.5725981675279552,-1.1130918406400943,2.768815139256035,0.52221662450693,-14.7494005413243
-0.6102238776292679,-2.5383750513519248,-2.025298495711765,-1.5571668341742793,2.007903360550512,4.728911141033675
-0.6650603557958474,2.3791546020163192,-1.0096209622690286,1.533655587125354,-2.1602964345888163,-7.172414906964638
0.004757109826350803,2.8459399646159778,-2.6778214083156384,-0.377470482939005,2.03204794567905,-2.33257225344973
-0.9564435211493643,1.6140339201926537,2.7291503814879947,-0.6197817041462432,1.6413294967879342,1.8082458076612258
2.955515270704784,-0.05637926333524046,-0.8651328137649124,2.6468570698243523,-0.408912322562732,2.8401114280506756
1.0781691485289535,0.9640314450892529,-2.4858352941795854,0.7116953415593272,1.7883310428164796,0.4731658957227638
-2.0746742168068897,1.2700629286717007,0.8034052917783057,1.4379317338595676,-1.099930627910783,-8.195213416076701
-2.3606944937324332,-2.968828665779819,-1.1503952691822117,-0.8404950159186204,-1.3814013405636811,-0.5523969524614086
-0.3069379378712913,0.32844000365320625,-0.5517349495011752,-2.842428575920217,-0.8765142759284466,5.381989296984555
-2.441614437240755,0.5882627867656369,-1.053418016565524,-0.688572495624098,-1.248915892222074,-5.560214852745976
2.4068162691385986,2.431245445880153,2.869038384083323,0.43176258449723726,-1.982502459646047,5.176317186081294
-0.715607859067541,-2.1669596462434995,-1.1932124077495876,-0.04125634673529177,-2.6203970983382736,-0.3502982172076214
-0.09461211639642908,-2.538471831629057,-1.4898015732665828,-1.5204595899179825,0.750202126613368,6.742417395796765
0.5628383882344719,-1.8267106507184372,-2.358165794514588,-1.1720520254924582,2.6929407743673908,6.559557733683952
1.824458771744295,-1.0227497023244387,-0.9915826575182578,1.8928528200180192,2.157050802605011,4.392947676758247
2.845352259027641,-2.1832531705304112,-1.076009067749474,2.683673532096697,-1.7948910677875698,3.6005244094577673
2.8123513304801726,-1.2513110905196807,1.1697466060326605,-0.05395612264738592,0.4552756897497634,12.492475571454458
-1.5454542193165615,-0.7436681860551175,1.8989670925974789,-0.6423892215632407,-2.3166730583280115,-0.44216000153588764
0.2737745127049327,1.0902757987805263,0.30059494198483705,2.7180276689177756,-0.23026666300110943,-4.696138437013568
1.250202307536381,-0.36927027414654834,-1.252012752088228,1.1570116759460563,1.9137934080267511,2.8550256142175057
-0.004180708266238398,0.8000162379219815,-1.547872993975207,0.9519778111939088,1.291418347796557,-2.4589775111278342
1.7344605793203778,-2.556209186506269,2.944203686621808,-0.12459180136424264,-0.595169416023758,10.086669985160478
1.150253195388646,0.2618712203248661,1.7443255022955553,-0.8428230419024407,2.373009092165394,8.282275586784356
0.22143591614752722,0.829082202065047,-2.4901083956940733,1.6137242875202435,0.9456098674845936,-4.130317707323291
-2.734219838832902,2.901649235711896,1.064831375185114,-0.6022935226495063,1.516096666377635,-5.432911435649963
2.79430066628297,-0.41726673665890646,-2.93671336329252,-1.4475697775780674,0.06405744315026807,8.909795191792206
0.4514123896225568,-0.3253286909705597,-0.6531949879349828,1.6340533947745923,0.5315397392408832,-0.5836288113838467
0.0027946897184074615,-0.9301956744028903,-2.8526240818453843,-2.37270385196363,-0.5041474288457248,5.075680954029812
2.644056948877158,-2.1499489390107103,-1.1286579366147513,-0.2680041886447375,-1.758796042750113,9.384612980992046
-0.10244400732366898,-0.14302481274501888,-0.3710043703618373,1.1805795931419967,-1.0865431546937974,-2.068825419625691
-2.309488399807284,2.095080048281458,0.8878195036662824,1.0628359973453039,-2.0138754428957806,-8.34373977723159
2.9034028235296674,-1.5365223206880438,-1.9532806030551964,-2.0391857327078444,0.35909371493917863,13.648494269853812
-0.5697153823184831,-1.893289349091638,0.8428732599604682,-0.407193285424305,-2.8248463539456568,2.330211768049416
0.684641624231519,-1.816053385306522,0.5532189501622096,-0.6669853178657572,1.228413695758407,8.010720890180433
1.8523787317875646,-2.6246174911850138,-2.3894877076371457,2.2318759800593106,-1.8782409862074396,2.769351454264295
-1.044090530407089,-0.2546974667628872,-1.4258796272858345,2.1758192847438442,0.166290117766696,-6.646358552543596
0.6678505268340111,0.5220282873913078,-0.9124521753794737,2.073106816017355,0.70417607601855,-2.497861745379605
1.8824295255656027,1.2359301656758799,-1.2153309918038886,0.6869070942775171,-2.491488188261833,1.2979692292201117
-1.1677199847870066,-1.901732890011099,1.160619250298673,0.06494921692296529,-0.49056536273244866,1.602827225604592
-2.172796208792655,-0.697740222973878,-1.8854778042434062,0.8130098523518114,1.1605975591761322,-6.960992180580493
0.3294754549949843,-0.06214784284674657,-2.1582207894132175,-1.1125199120349343,-0.2939941755200932,1.0523506689857312
-2.678332424214979,-0.845764966971787,-2.9424993626203126,-2.180791712025025,1.8912956439231712,-0.6496077968363432
-0.030180912801577975,1.1081800233599193,-0.5062173883553287,2.0393508126073367,-0.0678029283618864,-4.556532901257432
-2.5039762452811987,-2.814835766141971,1.566339711272545,-1.2474605426477603,-1.3508824903587962,1.3953884756674535
-0.25607167635930583,1.4551095115787227,1.5955173296621439,0.2983571072283082,-2.320734028247861,-1.4380202966452154
-2.3147600918461873,1.6506781671839725,1.9396968479853998,-0.7988293673674747,1.9356655667775682,-1.3808790930467119
0.2781196483317876,2.9386543672600993,-2.38550136673501,1.9804242992552386,1.5080729684620326,-6.240380343869134
-1.2137463893826381,2.9958760156734465,-0.30160594301751775,-0.9085381390661169,1.9003715106986316,-4.086014977406375
1.6537898992846412,-1.5783236677999126,1.8642163010364614,0.5275433818608635,-0.8962149533160622,8.113680603511538
1.264523756962797,0.7966237855628311,-2.004110293858445,-2.1645902044393432,-1.7602820628793598,5.597858569369104
-0.8951071262830146,-1.313489887258812,0.23261127628582834,-1.05807830487191,1.2243225705311307,3.921382588329246
-1.2640005392103384,-1.3959416023315192,2.148101069677546,2.9129298135707646,1.0757958955398603,-2.4944681457846913
1.7141462897477844,2.512612270978952,2.954917353868046,2.20228554260267,-2.2386709883171383,0.33274890988534755
2.196472769946941,-1.5019365483711613,1.2683690930350142,1.9708908161917957,1.5688415248791419,6.391641726824414
0.4645531758249688,-1.3876970874750845,-0.514649463809774,-0.2880496646978141,0.8017665801017859,4.373270831662731
2.2807504878439406,-2.4414312957442954,0.09368083252619419,-1.3306458728892978,2.618016684531451,13.34355278640258
-1.0362643190344183,-2.9851614891480915,1.6448117426261595,1.3963441592369215,1.3855916249223181,2.605291790428762
-0.24930445992169403,0.984862924991055,-0.8506636239540768,-2.6200158836389518,0.20654678632538914,4.4640496750920375
-1.7288912015535707,-1.3887789701134647,1.9700617022928482,-0.9734690689752759,0.46760184156570883,3.1201630660048614
0.3968526655028417,-0.08797257594896957,-0.937562276684285,1.0953115565592357,-2.709544433089662,-0.9883188742210642
-0.24250942395859898,-2.2545769246176093,2.1459095995716826,-0.3522843067414403,-2.9959444109273745,5.035081529518314
2.748190615823834,-1.7860907616156017,1.1315512914690622,-2.208521475695919,0.899983196043916,16.91480608429546
-1.355883251428307,0.9275277865127647,-1.4976643287053468,-0.7689373941194058,2.422801613013947,-0.4747825486214826
-2.006849525043937,-0.6219505984066007,-1.1669445309346158,1.1966482291474412,-1.5951369510934832,-7.3315838039059305
-2.993482177849658,-0.13915975043451567,-2.2038012477600804,-1.6428548312435638,1.0798963507294745,-4.400440828657046
-2.944278314349239,1.1735826437282917,1.9026541614797905,2.9289294567856317,-0.4661163973496407,-11.708514817623305
-0.7015804459453641,1.384580290583826,-2.38543697730296,-1.1198911353545629,2.285933969881624,-0.29955883978804876
-2.1772242315387262,1.640762901903745,1.518946805946408,-2.201122612882727,2.95764093147831,1.567618064734864
-2.9491515482819426,0.9001212789468411,-0.3594034753208888,1.3345921581859344,0.768480230045415,-9.044784627381512
-2.091755214934314,-0.5297406338419313,1.1193970192544391,2.1597751476128995,-2.479871799204069,-7.083171096628331
0.5374435065690788,-0.6958085439412756,2.779492263319584,-1.112977990906984,-2.161018867144598,7.540688011186508
-1.3381940583309277,-2.49450770401208,0.3203797907083805,0.6000472033551172,0.6455585934931394,0.665525986831859
2.0873526266397544,0.9504322205108631,-1.1901039985368085,0.10649476678342484,0.05713539668827572,3.688266682009237
1.4870618458874976,-1.2267476925476,-2.6725852139084822,2.387475362141938,2.7280290680829165,0.8963114357852584
-0.0025047523640546743,0.5635786088263388,0.16971900561710562,2.8661816870600134,2.921295197059134,-3.31064245227669
2.603546410045295,-2.208102715603788,2.164884023620485,0.4102823326377658,-0.8075252229114076,10.81931306234824
2.7267179036453184,1.622202295347683,-2.8998635893748625,-2.5948045843633967,-1.4268883370275975,7.752500739969456
-2.7610388283768614,-2.637186842470766,1.735739993958548,0.03966362564956194,0.771424176363456,-1.0610977723045028
1.210863831741098,-2.5054331284521245,0.2193888964200923,0.6962823340004878,-1.3351935855926396,5.645614212272632
-1.1405586863001484,0.06782818977198879,-1.780815036253033,1.8483604858239193,0.21834103733675025,-6.993512153835937
2.0071588151085162,1.0863341082552624,-2.60330949827271,1.1920552896329477,1.3797502645892488,1.8869571396756575
2.0788086908446575,-2.6525643358612174,-2.482723209651064,-0.3930984683638856,-0.279768946217144,8.206804228293226
1.450161054345326,1.4439490814050693,-2.2833419585526755,1.2474036427085897,1.208997667343196,-0.5960590188047337
-2.017004214387555,2.7180972105281853,0.13803217637044973,1.6979226092624753,1.3245931085607543,-9.29751087936573
1.6867438796219254,-1.387413081544526,2.318488558443936,1.6285817429377474,-2.823862492963179,4.79330963751317
1.8426470799442187,-1.3681164298718775,-2.6167680652611116,1.2739394892029727,0.45991004828510373,3.82472101631654
-0.8392566268694805,-0.0023399654317004526,0.40131676943069916,-0.7938733328591296,-1.4693035137655313,0.8353551117462683
-2.382570509868782,0.44347383115233896,1.3366702399551986,-1.6295734610804937,0.0529493094638811,0.32525498773268513
-1.5326912978597793,-0.1694124625335709,-0.7021231537956054,-2.0994919905530995,2.5869604629431127,3.0746414800228075
2.1449111864878345,0.31718873097518685,2.4836860171267743,1.443994968639461,-0.48378417382320915,5.1125260029616255
1.3217275285691823,-1.3724522519411,-2.532677580198528,-0.7631509995728321,0.012245655357496332,6.424431790333132
2.411646055549628,-1.923933898366166,1.82602811675254,2.8884831836489697,2.7244764447625656,7.391607567788506
-1.3061587762745854,2.0690790255679676,-1.0361944696432865,0.3185483719444058,-2.952184958655267,-6.955711314652075
-1.795973079282265,0.3828404449451215,-1.1765441563915022,0.7363051433526273,-0.21643985651700426,-6.4603672669037815
1.6356795777031463,-1.827465456763059,2.4026597833585397,1.5628933219301793,-1.5292387537405028,5.496238628672963
-2.961732703489176,-0.5397833426038807,-1.6020135488415421,-0.9214578135635629,2.037444041377043,-2.7963595303560336
-2.9912277567865333,0.9438231010559868,2.0940359266735307,1.3632902342458353,-2.376305883890642,-10.20637821132171
0.17888693436007497,-1.570994432874806,-0.047826738900614174,-2.640629546080862,2.9817556206452913,10.513561879564778
2.5276464178326385,2.383724831588755,0.11855531095222194,1.205081458192078,-0.7650481555555153,2.046231254546893
2.8473287410095063,-2.4905854949010626,-2.426537967975687,-2.198916898494258,1.9197773513652958,15.600894492372268
-0.3901027293900885,2.785309648396445,-1.579369591548621,-1.4340543664583398,-1.1099465075414503,-1.474574036461661
1.804900931996971,1.2043536379292528,1.4121172126942083,-1.0916536844033964,-1.3682647690052736,7.496069944167529
1.6796218948131774,0.5082482148247731,-2.06753669206838,-2.0137501158013906,-0.20366932538002924,7.512997177240289
-0.5609246885447172,0.21554729454014154,2.7878083335013724,-1.7541826463378787,-1.1501536907249725,4.9787710227867885
-2.0543077376069028,1.1163290577030915,1.958320127637899,1.1812678994224584,-2.7580211513480197,-6.89865690798942
2.0155485059279172,-1.0332380466912483,-2.452722577251908,-1.5106872632324695,-0.8655434669742981,7.655980903331537
-1.4389992436726566,2.9440597224474434,-2.8135074398474424,-0.5736466413169521,-0.2867929835936236,-6.940790053936314
1.4884706832522552,-1.5008842306706935,-0.2277405067425664,1.8233805206631004,-2.161241764361266,3.051853183845044
2.8954034249017297,-2.2157085747361323,1.9420404911301343,-0.766561537104014,0.7817852916229469,14.945699050227041
0.8681100942510107,0.49394280848437866,-1.447076085920845,1.8764825496816862,-2.8691989035683236,-2.276140110183458
-0.33941205698406707,-2.2272507060179727,2.4304678222809173,1.976137063304508,-1.0107006524863396,1.2360992046009098
-2.743822085457415,-0.2340304679883558,-1.9920647476256614,0.4433051988403367,1.9301124091937023,-6.690577831720447
1.0992775005100972,-1.963156729015265,-1.71170336417984,-1.87709331773303,-1.3208726743156571,8.403342606991151
2.300542793361757,-2.7921033376109645,0.7150592930753747,-1.5252913245285273,-1.2293690220017013,13.071613461394325
-2.634125586402943,-1.3213440753661718,-2.1765838972076113,-1.8032531600004802,2.30791509734979,-0.1483202234018855
0.1548843495166783,0.7845263329485324,1.8130084966267646,1.7690774658112218,2.936421694569203,0.42018988463114415
0.26710683620430986,-0.0919230873569501,2.4760620995902016,0.014359533262449986,-0.6697123525841979,3.433154294509195
-1.9211047578127847,-1.0867345960237227,-1.6858788715614328,2.3745886896858828,1.6712296879708468,-5.8198663269536395
0.17659375179258952,1.6010530107016372,2.9976344808680766,2.8438791704010127,-2.3991939761702543,-3.913167411316639
0.9411865282574055,-1.4008379936059017,1.8977109696524082,2.5035568954226433,-2.6645480648853015,1.0645908900257517
2.0790305427907985,1.784344124276453,-0.8711721926090408,2.0353335138354556,2.071325414197685,0.8164439999129728
-1.9433977945200598,0.5551170550884761,1.8372613521563306,1.1857593815974798,2.4838800247712056,-2.920086659224131
2.6853524104200908,0.38163892069916194,0.37865334518411053,-1.8705980105684623,2.9280372624278588,13.400445775495008
2.2897581593865617,-0.04663965662756864,-1.1456815670926825,-0.05738147923512482,-2.4584557388945827,5.2876405270479285
0.15869108489106543,-2.9958990216970154,2.5073771155238784,-1.7912136998871533,-2.2170627262849045,10.320891848966411
1.3016257961448972,2.512684723843236,2.065704518625904,-1.0584671321709769,-2.868522622538566,3.119148632771388
1.6461989929193521,2.0788853254748076,2.1640167995493043,2.7633525016545475,-0.7584553194997605,-1.6317393883180458
2.65153928080825,-0.6264266258768743,-2.3938069789158822,-1.1894090776471855,-2.1812899868550595,8.922698299641423
1.75105514999923,2.763972602212429,0.8950815938688841,-1.954783974266816,2.8124573779990065,9.611258112283974
1.1613623897552579,2.573071253912552,1.7219507555734612,-1.6605767161161453,0.5337009346986217,6.474776884770381
1.1309906375937429,-2.2359098116587868,1.3729857356159938,2.6927286253277263,2.6921889590994175,4.451426604538305
-0.6503914363343881,2.9656987832857835,2.7911036417253055,-2.8057035424374757,0.6143320047058269,5.617902357656369
-1.6746284973779275,0.3933014767219225,2.6201267613255252,-2.1561397911085898,1.4720599686118945,3.3627104984570186
-1.5720244491036184,2.894277929642141,-1.9926754994904952,2.3119215203708237,-2.467643924579242,-13.537016232656521
2.319921091306931,-0.3202203954132372,-1.408725356622743,-1.5027548211883273,-2.5932313196145973,7.575726589269198
-1.460052350743711,-2.351792392712224,-2.99231305503186,-0.6843774122795407,1.3955069669926115,1.3641341053221594
-0.04150803915691448,-0.7277245513544459,0.276143806070726,-2.3914286421772704,-0.12306449761703675,7.011298720634855
